<?xml version="1.0" encoding="utf-8" ?>
<Defs>

  <!-- Poison # Black Widow -->
  <HediffDef>
    <defName>LS_BlackPoison</defName>
    <hediffClass>HediffWithComps</hediffClass>
    <defaultLabelColor>(0.67, 0.95, 0.67)</defaultLabelColor>
    <label>poison</label>
    <lethalSeverity>1</lethalSeverity>
    <makesSickThought>false</makesSickThought>
    <scenarioCanAdd>false</scenarioCanAdd>
    <comps>
      <li Class="HediffCompProperties_Immunizable">
        <severityPerDayNotImmune>-0.08</severityPerDayNotImmune>
      </li>
      <li Class="HediffCompProperties_SeverityPerDay">
        <severityPerDay>-2.0</severityPerDay>
      </li>
      <li Class="HediffCompProperties_Disappears">
        <disappearsAfterTicks>
          <min>1000</min>
          <max>10000</max>
        </disappearsAfterTicks>
      </li>
    </comps>
    <stages>
      <li>
        <label>minor</label>
        <becomeVisible>true</becomeVisible>
      </li>
      <li>
        <minSeverity>0.15</minSeverity>
        <label>minor</label>
        <capMods>
          <li>
            <capacity>Moving</capacity>
            <offset>-0.1</offset>
          </li>
        </capMods>
      </li>
      <li>
        <minSeverity>0.30</minSeverity>
        <label>moderate</label>
        <capMods>
          <li>
            <capacity>Moving</capacity>
            <offset>-0.2</offset>
          </li>
        </capMods>
      </li>
      <li>
        <minSeverity>0.45</minSeverity>
        <label>severe</label>
        <capMods>
          <li>
            <capacity>Moving</capacity>
            <offset>-0.3</offset>
          </li>
        </capMods>
      </li>
      <li>
        <minSeverity>0.60</minSeverity>
        <label>extreme</label>
        <lifeThreatening>true</lifeThreatening>
        <capMods>
          <li>
            <capacity>Moving</capacity>
            <offset>-0.4</offset>
          </li>
          <li>
            <capacity>BloodFiltration</capacity>
            <offset>-0.2</offset>
          </li>
        </capMods>
      </li>
   </stages>
  </HediffDef>

  <!-- Hemorrhage # Bleeding -->
  <HediffDef>
    <defName>LS_BleedOut</defName>
    <hediffClass>HediffWithComps</hediffClass>
    <defaultLabelColor>(0.7, 0.13, 0.13)</defaultLabelColor>
    <label>bleeding</label>
    <lethalSeverity>1</lethalSeverity>
    <makesSickThought>false</makesSickThought>
    <scenarioCanAdd>false</scenarioCanAdd>
    <comps>
      <li Class="HediffCompProperties_SeverityPerDay">
        <severityPerDay>-4.0</severityPerDay>
      </li>
      <li Class="HediffCompProperties_Disappears">
        <disappearsAfterTicks>
          <min>4000</min>
          <max>20000</max>
        </disappearsAfterTicks>
      </li>
    </comps>
    <stages>
      <li>
        <label>minor</label>
        <becomeVisible>true</becomeVisible>
      </li>
      <li>
        <minSeverity>0.05</minSeverity>
        <label>minor</label>
        <capMods>
          <li>
            <capacity>Consciousness</capacity>
            <offset>-0.05</offset>
          </li>
        </capMods>
      </li>
      <li>
        <minSeverity>0.20</minSeverity>
        <label>moderate</label>
        <capMods>
          <li>
            <capacity>Consciousness</capacity>
            <offset>-0.1</offset>
          </li>
        </capMods>
      </li>
      <li>
        <minSeverity>0.30</minSeverity>
        <label>severe</label>
        <capMods>
          <li>
            <capacity>Consciousness</capacity>
            <offset>-0.2</offset>
          </li>
        </capMods>
      </li>
      <li>
        <minSeverity>0.40</minSeverity>
        <label>extreme</label>
        <capMods>
          <li>
            <capacity>Consciousness</capacity>
            <offset>-0.2</offset>
          </li>
        </capMods>
      </li>
      <li>
        <minSeverity>0.50</minSeverity>
        <label>gaping</label>
        <lifeThreatening>true</lifeThreatening>
        <capMods>
          <li>
            <capacity>Consciousness</capacity>
            <offset>-0.3</offset>
          </li>
          <li>
            <capacity>Manipulation</capacity>
            <offset>-0.1</offset>
          </li>
        </capMods>
      </li>
   </stages>
  </HediffDef>

  <!-- Cloud # Strife -->
  <HediffDef>
    <defName>LS_CloudStrife</defName>
    <hediffClass>HediffWithComps</hediffClass>
    <defaultLabelColor>(0.69, 0.77, 0.87)</defaultLabelColor>
    <label>storm</label>
    <makesSickThought>false</makesSickThought>
    <scenarioCanAdd>false</scenarioCanAdd>
    <comps>
      <li Class="HediffCompProperties_Disappears">
        <disappearsAfterTicks>
          <min>5000</min>
          <max>10000</max>
        </disappearsAfterTicks>
      </li>
    </comps>
    <stages>
      <li>
        <label>minor</label>
        <becomeVisible>true</becomeVisible>
      </li>
      <li>
        <minSeverity>0.1</minSeverity>
        <label>minor</label>
        <capMods>
          <li>
            <capacity>Sight</capacity>
            <offset>-0.1</offset>
          </li>
        </capMods>
      </li>
      <li>
        <minSeverity>0.2</minSeverity>
        <label>moderate</label>
        <capMods>
          <li>
            <capacity>Sight</capacity>
            <offset>-0.2</offset>
          </li>
        </capMods>
      </li>
      <li>
        <minSeverity>0.3</minSeverity>
        <label>severe</label>
        <capMods>
          <li>
            <capacity>Sight</capacity>
            <offset>-0.3</offset>
          </li>
        </capMods>
      </li>
      <li>
        <minSeverity>0.4</minSeverity>
        <label>extreme</label>
        <capMods>
          <li>
            <capacity>Sight</capacity>
            <offset>-0.3</offset>
          </li>
        </capMods>
      </li>
      <li>
        <minSeverity>0.5</minSeverity>
        <label>inner conflict</label>
        <lifeThreatening>true</lifeThreatening>
        <capMods>
          <li>
            <capacity>Sight</capacity>
            <offset>-0.4</offset>
          </li>
          <li>
            <capacity>Manipulation</capacity>
            <offset>-0.1</offset>
          </li>
        </capMods>
      </li>
   </stages>
  </HediffDef>

  <!-- Executioner # Freezing -->
  <HediffDef>
    <defName>LS_ColdHeart</defName>
    <hediffClass>HediffWithComps</hediffClass>
    <defaultLabelColor>(0.56, 0.85, 0.85)</defaultLabelColor>
    <label>freezing cold</label>
    <makesSickThought>false</makesSickThought>
    <scenarioCanAdd>false</scenarioCanAdd>
    <comps>
      <li Class="HediffCompProperties_Disappears">
        <disappearsAfterTicks>
          <min>5000</min>
          <max>25000</max>
        </disappearsAfterTicks>
      </li>
    </comps>
    <stages>
      <li>
        <becomeVisible>true</becomeVisible>
        <painOffset>0.1</painOffset>
        <vomitMtbDays>0.05</vomitMtbDays>
        <capMods>
          <li>
            <capacity>Manipulation</capacity>
            <offset>-0.05</offset>
          </li>
        </capMods>
      </li>
    </stages>
  </HediffDef>

  <!-- Red Queen # Flame -->
  <HediffDef>
    <defName>LS_LiquidFire</defName>
    <hediffClass>HediffWithComps</hediffClass>
    <defaultLabelColor>(0.70, 0.13, 0.13)</defaultLabelColor>
    <label>liquid fire</label>
    <makesSickThought>false</makesSickThought>
    <scenarioCanAdd>false</scenarioCanAdd>
    <comps>
      <li Class="HediffCompProperties_Disappears">
        <disappearsAfterTicks>
          <min>10000</min>
          <max>25000</max>
        </disappearsAfterTicks>
      </li>
    </comps>
    <stages>
      <li>
        <label>ardent</label>
        <becomeVisible>true</becomeVisible>
      </li>
      <li>
        <minSeverity>0.1</minSeverity>
        <label>ardent</label>
        <capMods>
          <li>
            <capacity>Manipulation</capacity>
            <offset>-0.1</offset>
          </li>
        </capMods>
      </li>
      <li>
        <minSeverity>0.2</minSeverity>
        <label>undying</label>
        <capMods>
          <li>
            <capacity>Manipulation</capacity>
            <offset>-0.2</offset>
          </li>
        </capMods>
      </li>
      <li>
        <minSeverity>0.3</minSeverity>
        <label>haunting</label> <!-- haunting -->
        <capMods>
          <li>
            <capacity>Manipulation</capacity>
            <offset>-0.3</offset>
          </li>
        </capMods>
      </li>
      <li>
        <minSeverity>0.4</minSeverity>
        <label>devilish</label>
        <capMods>
          <li>
            <capacity>Manipulation</capacity>
            <offset>-0.3</offset>
          </li>
        </capMods>
      </li>
      <li>
        <minSeverity>0.5</minSeverity>
        <label>brand</label>
        <lifeThreatening>true</lifeThreatening>
        <capMods>
          <li>
            <capacity>Manipulation</capacity>
            <offset>-0.4</offset>
          </li>
          <li>
            <capacity>Hearing</capacity>
            <offset>-0.1</offset>
          </li>
        </capMods>
      </li>
    </stages>
  </HediffDef>

</Defs>