<?xml version="1.0" encoding="utf-8" ?>
<Defs>

	<!-- Cut # Poison -->
	<DamageDef ParentName="Bite">
		<defName>LS_BlackPoison</defName>
		<label>black widow</label>
		<additionalHediffs>
		  <li>
        <hediff>ToxicBuildup</hediff>
        <severityPerDamageDealt>0.001</severityPerDamageDealt>
        <victimSeverityScaling>ToxicSensitivity</victimSeverityScaling>
		  </li>
		</additionalHediffs>
	</DamageDef>

  <!-- Dark Veil # Shadows -->
  <DamageDef>
    <defName>LS_DarkShadows</defName>
    <label>dark shadows</label>
    <workerClass>DamageWorker_Stab</workerClass>
    <externalViolence>true</externalViolence>
    <deathMessage>{0} has been stabbed to death out of nowhere.</deathMessage>
    <hediff>Stab</hediff>
    <hediffSkin>Cut</hediffSkin>
    <hediffSolid>Crack</hediffSolid>
    <impactSoundType>Slice</impactSoundType>
    <armorCategory>Sharp</armorCategory>
    <stabChanceOfForcedInternal>0.6</stabChanceOfForcedInternal>
    <overkillPctToDestroyPart>0.4~1.0</overkillPctToDestroyPart>
		<additionalHediffs>
		  <li>
        <hediff>LS_BlackPoison</hediff>
        <severityPerDamageDealt>0.001</severityPerDamageDealt>
		  </li>
		</additionalHediffs>
  </DamageDef>

	<!-- Executioners # Behead -->
	<DamageDef ParentName="CutBase">
		<defName>LS_DecapBehead</defName>
		<label>execution cut</label>
    <workerClass>DamageWorker_AddInjury</workerClass>
		<execution>true</execution>
		<deathMessage>{0} has been decapitated.</deathMessage>
		<hasForcefulImpact>false</hasForcefulImpact>
		<canInterruptJobs>false</canInterruptJobs>
    <impactSoundType>Slice</impactSoundType>
    <armorCategory />
	</DamageDef>

  <DamageDef>
    <defName>LS_FrozenBlade</defName>
    <label>frozen heart</label>
    <workerClass>DamageWorker_Frostbite</workerClass>
    <externalViolence>true</externalViolence>
    <deathMessage>{0} has been frozen to death.</deathMessage>
    <hediff>Frostbite</hediff>
    <hediffSkin>Frostbite</hediffSkin>
    <hediffSolid>Crack</hediffSolid>
    <impactSoundType>Slice</impactSoundType>
    <armorCategory>Sharp</armorCategory>
    <stabChanceOfForcedInternal>0.6</stabChanceOfForcedInternal>
    <overkillPctToDestroyPart>0.4~1.0</overkillPctToDestroyPart>
    <harmAllLayersUntilOutside>true</harmAllLayersUntilOutside>
    <canUseDeflectMetalEffect>false</canUseDeflectMetalEffect>
		<additionalHediffs>
		  <li>
        <hediff>LS_ColdHeart</hediff>
        <severityPerDamageDealt>0.002</severityPerDamageDealt>
		  </li>
		</additionalHediffs>
  </DamageDef>

	<!-- Hemorrhage # Bleeding -->
  <DamageDef ParentName="CutBase">
    <defName>LS_FenrisFang</defName>
    <label>fenris fang</label>
    <workerClass>DamageWorker_AddInjury</workerClass>
    <externalViolence>true</externalViolence>
    <deathMessage>{0} has been sliced to death.</deathMessage>
    <hediffSkin>Cut</hediffSkin>
    <hediffSolid>Crack</hediffSolid>
    <harmAllLayersUntilOutside>true</harmAllLayersUntilOutside>
    <impactSoundType>Slice</impactSoundType>
    <armorCategory>Sharp</armorCategory>
    <overkillPctToDestroyPart>0~0.1</overkillPctToDestroyPart>
    <cutExtraTargetsCurve>
      <points>
        <li>0, 0</li>
        <li>0.6, 1</li>
        <li>0.9, 2</li>
        <li>1, 3</li>
      </points>
    </cutExtraTargetsCurve>
    <cutCleaveBonus>1.4</cutCleaveBonus>
		<additionalHediffs>
		  <li>
        <hediff>LS_BleedOut</hediff>
        <severityPerDamageDealt>0.002</severityPerDamageDealt>
		  </li>
		</additionalHediffs>
  </DamageDef>

	<!-- Bloodrain # Stun -->
	<DamageDef ParentName="BluntBase">
		<defName>LS_BloodRain</defName>
		<label>blood rain</label>
    <workerClass>DamageWorker_Blunt</workerClass>
    <externalViolence>true</externalViolence>
    <deathMessage>{0} has been ruptured apart.</deathMessage>
    <hediffSkin>Cut</hediffSkin>
    <hediffSolid>Crack</hediffSolid>
    <harmAllLayersUntilOutside>true</harmAllLayersUntilOutside>
    <impactSoundType>Tornado</impactSoundType>
    <armorCategory>Blunt</armorCategory>
    <overkillPctToDestroyPart>0.4~1.0</overkillPctToDestroyPart>
    <bluntStunDuration>2.0</bluntStunDuration>
    <bluntInnerHitChance>0.4</bluntInnerHitChance>
    <bluntInnerHitDamageFractionToConvert>
      <min>0.1</min>
      <max>0.2</max>
    </bluntInnerHitDamageFractionToConvert>
    <bluntInnerHitDamageFractionToAdd>
      <min>0.2</min>
      <max>0.35</max>
    </bluntInnerHitDamageFractionToAdd>
    <bluntStunChancePerDamagePctOfCorePartToHeadCurve>
      <points>
        <li>(0, 1)</li>
        <li>(0, 1)</li>
      </points>
    </bluntStunChancePerDamagePctOfCorePartToHeadCurve>
    <bluntStunChancePerDamagePctOfCorePartToBodyCurve>
      <points>
        <li>(0, 1)</li>
        <li>(0, 1)</li>
      </points>
    </bluntStunChancePerDamagePctOfCorePartToBodyCurve>
		<additionalHediffs>
		  <li>
        <hediff>LS_BleedOut</hediff>
        <severityPerDamageDealt>0.002</severityPerDamageDealt>
		  </li>
		</additionalHediffs>
  </DamageDef>

	<!-- Storm Razor # Stun -->
	<DamageDef ParentName="BluntBase">
		<defName>LS_StormRazor</defName>
		<label>storm razor</label>
      <workerClass>DamageWorker_Blunt</workerClass>
      <externalViolence>true</externalViolence>
      <deathMessage>{0} has been dismantled to pieces.</deathMessage>
      <hediffSkin>Cut</hediffSkin>
      <hediffSolid>Crack</hediffSolid>
      <harmAllLayersUntilOutside>true</harmAllLayersUntilOutside>
      <impactSoundType>Electric</impactSoundType>
      <armorCategory>Blunt</armorCategory>
      <overkillPctToDestroyPart>0.4~1.0</overkillPctToDestroyPart>
      <bluntStunDuration>2.0</bluntStunDuration>
      <bluntInnerHitChance>0.4</bluntInnerHitChance>
      <bluntInnerHitDamageFractionToConvert>
        <min>0.1</min>
        <max>0.2</max>
      </bluntInnerHitDamageFractionToConvert>
      <bluntInnerHitDamageFractionToAdd>
        <min>0.2</min>
        <max>0.35</max>
      </bluntInnerHitDamageFractionToAdd>
      <bluntStunChancePerDamagePctOfCorePartToHeadCurve>
        <points>
          <li>(0, 1)</li>
          <li>(0, 1)</li>
        </points>
      </bluntStunChancePerDamagePctOfCorePartToHeadCurve>
      <bluntStunChancePerDamagePctOfCorePartToBodyCurve>
        <points>
          <li>(0, 1)</li>
          <li>(0, 1)</li>
        </points>
      </bluntStunChancePerDamagePctOfCorePartToBodyCurve>
  </DamageDef>

  <!-- Flash -->
	<DamageDef ParentName="CutBase">
		<defName>LS_FlashBack</defName>
		<label>conflict</label>
		<additionalHediffs>
		  <li>
        <hediff>LS_CloudStrife</hediff>
        <severityPerDamageDealt>0.0025</severityPerDamageDealt>
		  </li>
		</additionalHediffs>
	</DamageDef>

  <!-- Hellfire -->
  <DamageDef>
    <defName>LS_FieryJustice</defName>
    <label>nero</label>
    <workerClass>DamageWorker_AddInjury</workerClass>
    <externalViolence>true</externalViolence>
    <deathMessage>{0} has burned to ashes.</deathMessage>
    <hediff>Cut</hediff>
    <hediffSkin>Burn</hediffSkin>
    <hediffSolid>Crack</hediffSolid>
    <impactSoundType>Slice</impactSoundType>
    <armorCategory>Sharp</armorCategory>
    <stabChanceOfForcedInternal>0.6</stabChanceOfForcedInternal>
    <overkillPctToDestroyPart>0.4~1.0</overkillPctToDestroyPart>
    <harmAllLayersUntilOutside>true</harmAllLayersUntilOutside>
    <canUseDeflectMetalEffect>false</canUseDeflectMetalEffect>
		<additionalHediffs>
		  <li>
        <hediff>LS_LiquidFire</hediff>
        <severityPerDamageDealt>0.001</severityPerDamageDealt>
		  </li>
		</additionalHediffs>
  </DamageDef>

  <DamageDef>
    <defName>LS_Hellfire</defName>
    <label>hellfire</label>
    <workerClass>DamageWorker_AddInjury</workerClass>
    <externalViolence>true</externalViolence>
    <deathMessage>{0} has burned to ashes.</deathMessage>
    <hediff>Burn</hediff>
    <hediffSkin>Burn</hediffSkin>
    <hediffSolid>Crack</hediffSolid>
    <impactSoundType>Slice</impactSoundType>
    <armorCategory>Sharp</armorCategory>
    <stabChanceOfForcedInternal>0.6</stabChanceOfForcedInternal>
    <overkillPctToDestroyPart>0.4~1.0</overkillPctToDestroyPart>
    <harmAllLayersUntilOutside>true</harmAllLayersUntilOutside>
    <canUseDeflectMetalEffect>false</canUseDeflectMetalEffect>
		<additionalHediffs>
		  <li>
        <hediff>LS_LiquidFire</hediff>
        <severityPerDamageDealt>0.003</severityPerDamageDealt>
		  </li>
		</additionalHediffs>
  </DamageDef>

</Defs>