<?xml version="1.0" encoding="utf-8"?>
<ModMetaData>
    <name>Swords</name>
    <author>Trunken</author>
    <supportedVersions><li>1.0</li></supportedVersions>
    <description>
&lt;b&gt;&lt;color=#e13ca1&gt;Legendary Swords&lt;/color&gt;&lt;/b&gt;
Grants access to a small collection of 5 swords made by legendary craftsmiths.

 - Cloud Sword (Storm)
 - Nightfall (Poison)
 - Executioner (Frost)
 - Deathbringer (Bleed)
 - Red Queen (Flame)

Each weapon has 8 attacks with different moves, hidden mechanics and effects. You can maw down your foes with powerful stabs and mighty slashes, let them slowly suffer by poison or behead them with a single, but well aimed hit.

&lt;b&gt;Requirements&lt;/b&gt;
 - Skill: 18 Crafting
 - Technology Level: Medieval
 - Research: Book of Wisdom (Prequisites: LongBlades + PlateArmor)
 - Ancestral Forge: (Prequisites: Passive Cooler + Smithing)
 - Inspiration: Creativity

An inspiration, insight or blessing by the gods is necessary, to be able to forge these weapons on the Ancestral Forge.

&lt;b&gt;Compatibility &amp; Loadorder&lt;/b&gt;
 - JecsTools (Maneuver)
 - Combat Extended
 - Sheath Your Sword (Recommended)
 - Cybernetic Warfare and Special Weapons
 - Swords

Bring a strong arm to handle the weight. &lt;i&gt;Made for titans.&lt;/i&gt;

&lt;b&gt;&lt;color=#e85c19&gt;Credits&lt;/color&gt;&lt;/b&gt;
Inspired * by Ryflamer
Ancestral Forge * by Oskar Potocki
Artwork * by rebelrot &amp; Madman666
Offset Adaptation * by Pelador
Big Choppas * by Trunken

JecsTools * Jecrell
Harmony * Padeike

&lt;b&gt;&lt;color=#e85c19&gt;Translations&lt;/color&gt;&lt;/b&gt;
Japanese * by Proxyer
Russian * by McMinox
    </description>
</ModMetaData>